{"cameraMode":{"drawMode":0,"name":"Shaded","section":"Shading Mode"},"sceneLighting":true,"audioPlay":false,"sceneViewState":{"showFog":true,"showMaterialUpdate":false,"showSkybox":true,"showFlares":true,"showImageEffects":true,"showParticleSystems":true},"in2DMode":false,"pivot":{"x":12.368719100952149,"y":18.554073333740236,"z":227.43728637695313},"rotation":{"x":-0.0008999015553854406,"y":0.999012291431427,"z":-0.02398083545267582,"w":-0.037480615079402927},"size":-214.01890563964845,"orthographic":false}